{
  "info": {
    "name": "Analytics API",
    "schema": "https://schema.getpostman.com/json/collection/v2.1.0/collection.json"
  },
  "item": [
    {
      "name": "Get Sales Summary",
      "request": {
        "method": "GET",
        "header": [
          {
            "key": "Authorization",
            "value": "Bearer {{token}}"
          }
        ],
        "url": {
          "raw": "{{base_url}}/analytics/sales/?date_gte=2025-07-01&date_lte=2025-08-01&payment_method=cash",
          "host": ["{{base_url}}"],
          "path": ["analytics", "sales", ""],
          "query": [
            { "key": "date_gte", "value": "2025-07-01" },
            { "key": "date_lte", "value": "2025-08-01" },
            { "key": "payment_method", "value": "cash" }
          ]
        }
      }
    },
    {
      "name": "Get Sales Summary Aggregated",
      "request": {
        "method": "GET",
        "header": [
          {
            "key": "Authorization",
            "value": "Bearer {{token}}"
          }
        ],
        "url": {
          "raw": "{{base_url}}/analytics/sales/summary/?start_date=2025-07-01&end_date=2025-08-01",
          "host": ["{{base_url}}"],
          "path": ["analytics", "sales", "summary", ""],
          "query": [
            { "key": "start_date", "value": "2025-07-01" },
            { "key": "end_date", "value": "2025-08-01" }
          ]
        }
      }
    },
    {
      "name": "Get Product Analytics",
      "request": {
        "method": "GET",
        "header": [
          {
            "key": "Authorization",
            "value": "Bearer {{token}}"
          }
        ],
        "url": {
          "raw": "{{base_url}}/analytics/products/?product=1&date_gte=2025-07-01",
          "host": ["{{base_url}}"],
          "path": ["analytics", "products", ""],
          "query": [
            { "key": "product", "value": "1" },
            { "key": "date_gte", "value": "2025-07-01" }
          ]
        }
      }
    },
    {
      "name": "Get Top Products",
      "request": {
        "method": "GET",
        "header": [
          {
            "key": "Authorization",
            "value": "Bearer {{token}}"
          }
        ],
        "url": {
          "raw": "{{base_url}}/analytics/products/top_products/?limit=5&start_date=2025-07-01",
          "host": ["{{base_url}}"],
          "path": ["analytics", "products", "top_products", ""],
          "query": [
            { "key": "limit", "value": "5" },
            { "key": "start_date", "value": "2025-07-01" }
          ]
        }
      }
    },
    {
      "name": "Get Customer Analytics",
      "request": {
        "method": "GET",
        "header": [
          {
            "key": "Authorization",
            "value": "Bearer {{token}}"
          }
        ],
        "url": {
          "raw": "{{base_url}}/analytics/customers/?customer=1&date_gte=2025-07-01",
          "host": ["{{base_url}}"],
          "path": ["analytics", "customers", ""],
          "query": [
            { "key": "customer", "value": "1" },
            { "key": "date_gte", "value": "2025-07-01" }
          ]
        }
      }
    },
    {
      "name": "Get Top Customers",
      "request": {
        "method": "GET",
        "header": [
          {
            "key": "Authorization",
            "value": "Bearer {{token}}"
          }
        ],
        "url": {
          "raw": "{{base_url}}/analytics/customers/top_customers/?limit=5&start_date=2025-07-01",
          "host": ["{{base_url}}"],
          "path": ["analytics", "customers", "top_customers", ""],
          "query": [
            { "key": "limit", "value": "5" },
            { "key": "start_date", "value": "2025-07-01" }
          ]
        }
      }
    }
  ]
}